Cage,Sex,1I,2I,3I,4I,5I,6I,7I,8I,9I,10I,11I,12I,13I
CB1 (?),M,4,1,0,0,0,0,1,0,0,1,0,3,92
CB1 (?),F,2,0,0,0,0,0,0,0,0,1,1,2,93
CB1 (?),UK,0,0,0,0,0,0,0,0,0,0,0,0,0
CB2 (?),M,5,0,0,1,0,1,0,0,1,0,0,1,93
CB2 (?),F,3,1,0,0,0,0,1,0,1,0,1,0,94
CB2 (?),UK,0,0,0,0,0,0,0,0,0,0,0,0,0
CB3 (?),M,1,0,1,0,0,1,1,1,0,1,1,1,112
CB3 (?),F,0,0,0,0,0,0,0,0,0,0,0,1,106
CB3 (?),UK,0,0,0,0,0,0,0,0,0,0,0,0,0
CB4 (?),M,1,1,1,0,0,2,1,2,0,0,0,1,102
CB4 (?),F,1,0,0,0,0,0,2,1,2,1,0,5,94
CB4 (?),UK,1,0,0,0,0,0,0,3,0,0,0,0,0
CB5 (?),M,2,0,1,0,1,0,0,1,1,0,3,3,100
CB5 (?),F,5,1,0,0,0,0,0,1,0,1,3,2,72
CB5 (?),UK,2,0,0,0,0,0,0,0,0,0,0,0,0
CB1 (?),M,0,0,1,1,0,1,0,0,0,1,0,2,111
CB1 (?),F,0,0,1,0,0,0,1,0,0,3,0,0,101
CB1 (?),UK,0,0,0,0,0,0,0,0,0,0,0,0,0
CB2 (?),M,0,2,0,1,0,0,0,0,0,2,1,2,99
CB2 (?),F,0,0,0,0,0,1,3,2,2,3,6,3,77
CB2 (?),UK,0,0,0,0,0,0,0,0,0,0,0,0,0
CB3 (?),M,1,1,0,1,0,0,0,2,0,0,3,0,108
CB3 (?),F,0,0,0,0,0,0,0,3,0,0,0,0,99
CB3 (?),UK,0,0,0,0,0,0,0,0,0,0,0,0,0
CB4 (?),M,2,4,0,0,0,0,0,0,0,1,0,0,142
CB4 (?),F,6,1,0,0,0,0,0,1,0,0,0,0,97
CB4 (?),UK,0,1,0,0,0,0,0,0,0,0,0,0,0
CB5 (?),M,6,0,0,0,0,0,1,0,1,2,2,1,97
CB5 (?),F,8,0,0,0,0,0,0,0,1,3,2,1,80
CB5 (?),UK,0,0,0,0,0,0,0,0,0,0,0,0,0
CBO1 (?),M,0,0,0,1,0,0,2,0,1,2,1,2,129
CBO1 (?),F,1,0,0,0,0,0,1,0,0,1,0,0,117
CBO1 (?),UK,0,0,0,0,0,0,0,0,0,0,0,0,0
CBO2 (?),M,4,0,0,0,0,0,0,1,1,1,3,3,70
CBO2 (?),F,5,1,2,0,0,0,1,0,0,4,2,1,97
CBO2 (?),UK,0,0,0,0,0,0,0,0,0,0,0,0,0
CBO3 (?),M,1,0,0,0,0,0,0,0,0,1,1,0,113
CBO3 (?),F,1,1,0,0,0,1,0,0,1,0,1,2,110
CBO3 (?),UK,0,0,0,0,0,0,0,0,0,0,0,0,0
CBO4 (?),M,0,0,0,1,1,0,1,1,0,0,0,3,129
CBO4 (?),F,0,1,0,0,0,0,2,1,1,2,0,2,113
CBO4 (?),UK,0,0,0,0,0,0,0,0,0,0,0,0,0
CBO5 (?),M,28,0,1,0,0,0,0,0,1,0,0,4,73
CBO5 (?),F,21,2,0,0,0,0,1,0,0,0,2,3,62
CBO5 (?),UK,0,0,0,0,0,0,0,1,0,0,0,0,0
CBO1 (?),M,2,0,0,1,0,0,0,0,1,0,2,1,98
CBO1 (?),F,0,0,0,1,0,0,0,0,0,4,6,1,88
CBO1 (?),UK,0,0,0,0,0,0,0,0,0,0,0,0,0
CBO2 (?),M,1,1,0,0,0,0,0,0,2,1,0,2,105
CBO2 (?),F,2,0,1,2,0,2,0,0,0,0,0,1,98
CBO2 (?),UK,0,0,0,0,0,1,0,0,0,0,0,0,0
CBO3 (?),M,1,1,0,0,1,0,1,0,0,0,1,0,120
CBO3 (?),F,1,0,0,2,0,1,0,0,1,2,0,0,100
CBO3 (?),UK,0,0,0,0,0,0,0,0,0,0,0,0,0
CBO4 (?),M,1,0,0,0,1,1,0,0,0,0,0,0,97
CBO4 (?),F,2,0,0,1,1,0,0,0,0,1,0,1,113
CBO4 (?),UK,0,0,0,0,0,0,0,0,0,0,0,0,0
CBO5 (?),M,6,0,0,0,0,1,0,2,1,1,1,0,109
CBO5 (?),F,3,2,0,1,3,2,1,5,6,3,6,3,74
CBO5 (?),UK,0,0,0,0,0,0,0,0,0,0,0,0,0
EB1 (?),M,1,0,0,0,0,0,0,0,0,0,0,0,88
EB1 (?),F,3,0,0,0,0,0,0,0,0,0,0,0,102
EB1 (?),UK,0,0,0,0,0,0,0,0,0,0,0,0,0
EB2 (?),M,0,0,0,0,0,0,0,0,0,0,0,0,117
EB2 (?),F,0,0,0,0,0,0,0,0,0,0,0,0,116
EB2 (?),UK,0,0,0,0,0,0,0,0,0,0,0,0,0
EB3 (?),M,5,0,0,0,0,0,0,0,0,0,0,0,116
EB3 (?),F,1,0,1,0,0,0,1,0,0,0,1,0,114
EB3 (?),UK,0,0,0,0,0,0,0,0,0,0,0,0,0
EB4 (?),M,1,0,0,0,0,0,0,0,0,0,0,0,102
EB4 (?),F,0,0,0,0,0,0,1,0,0,0,0,0,99
EB4 (?),UK,1,0,0,0,0,0,0,0,0,0,0,0,0
EB5 (?),M,2,1,0,0,0,0,0,0,0,0,0,0,92
EB5 (?),F,0,0,0,0,0,0,2,0,0,1,0,0,98
EB5 (?),UK,0,0,0,0,0,0,0,0,0,0,0,0,0
EB1 (?),M,0,0,0,0,0,0,0,0,0,0,0,0,123
EB1 (?),F,0,0,0,0,0,0,0,0,0,0,0,0,127
EB1 (?),UK,0,0,0,0,0,0,0,0,0,0,0,0,0
EB2 (?),M,2,0,0,0,0,0,0,0,2,0,0,0,98
EB2 (?),F,1,1,1,0,0,0,0,0,0,0,0,0,90
EB2 (?),UK,0,0,0,0,0,0,0,0,0,0,1,0,0
EB3 (?),M,1,1,0,0,0,0,0,1,0,0,0,1,116
EB3 (?),F,1,2,0,0,3,0,0,0,0,0,1,0,106
EB3 (?),UK,0,0,0,0,0,0,0,0,0,0,0,0,0
EB4 (?),M,0,0,0,0,1,0,0,0,1,0,0,0,119
EB4 (?),F,0,0,0,0,0,0,0,1,0,0,0,0,116
EB4 (?),UK,0,0,0,0,0,0,0,0,0,0,0,0,0
EB5 (?),M,1,0,0,0,0,0,1,0,0,0,0,0,98
EB5 (?),F,0,0,0,0,0,0,1,1,0,0,0,0,121
EB5 (?),UK,0,0,0,0,0,0,0,0,0,0,0,0,0
EBO1 (?),M,0,0,0,0,0,0,0,1,0,0,0,0,110
EBO1 (?),F,0,0,0,0,0,1,0,0,1,0,0,1,122
EBO1 (?),UK,0,0,0,0,0,0,0,0,0,0,0,0,0
EBO2 (?),M,0,1,0,0,0,0,0,0,0,0,0,0,126
EBO2 (?),F,0,0,1,0,0,0,0,0,0,0,0,0,103
EBO2 (?),UK,0,0,0,0,0,0,0,0,0,0,0,0,0
EBO3 (?),M,1,0,0,0,0,0,0,0,1,0,0,0,115
EBO3 (?),F,5,0,0,0,0,0,0,0,0,0,0,0,122
EBO3 (?),UK,1,0,0,0,0,0,0,0,0,0,0,0,0
EBO4 (?) ,M,1,0,0,0,0,0,1,0,1,1,0,0,112
EBO4 (?) ,F,1,0,0,0,0,0,0,0,1,0,0,0,103
EBO4 (?) ,UK,0,0,0,0,0,0,0,0,0,0,0,0,0
EBO5 (?),M,5,0,0,2,1,0,1,0,0,0,0,0,104
EBO5 (?),F,2,0,0,0,1,0,0,0,0,0,0,0,94
EBO5 (?),UK,0,0,0,0,0,0,0,0,0,0,0,0,0
EBO1 (?),M,0,0,0,0,0,0,0,1,0,0,0,0,127
EBO1 (?),F,1,0,2,0,0,0,0,0,0,0,0,0,117
EBO1 (?),UK,0,0,0,0,0,0,0,0,0,0,0,0,0
EBO2 (?),M,1,0,0,0,0,0,0,3,0,1,0,0,107
EBO2 (?),F,2,0,0,0,0,0,0,2,0,0,0,0,119
EBO2 (?),UK,0,0,0,0,0,0,0,0,0,0,0,0,0
EBO3 (?),M,0,0,0,0,0,0,0,0,0,0,0,0,101
EBO3 (?),F,0,0,0,0,0,0,0,0,0,0,0,0,124
EBO3 (?),UK,0,0,0,0,0,0,0,0,0,0,0,0,0
EBO4 (?),M,2,0,0,0,0,0,0,0,0,0,0,0,94
EBO4 (?),F,2,1,0,0,2,0,0,0,0,0,0,0,100
EBO4 (?),UK,0,0,0,0,0,0,0,0,0,0,0,0,0
EBO5 (?),M,2,1,2,0,0,0,0,0,0,0,0,0,81
EBO5 (?),F,3,0,0,0,0,1,0,1,1,0,0,0,87
EBO5 (?),UK,0,0,0,0,0,0,0,0,0,0,0,0,1
