"","population","min_cov","mean_cov","reads"
"1","F_01_02",5,33.2017301812216,5486748
"2","F_01_04",8,113.063166529943,18791154
"3","F_01_06",5,21.1710791259602,5980060
"4","F_01_08",5,6.81529818281254,13553750
"5","F_01_10",12,51.4375668083625,8358220
"6","F_01_12",22,80.4558878365277,13240338
"7","F_01_14",45,236.779526188878,40474710
"8","F_02_02",14,54.4834066671638,9138294
"9","F_02_04",26,104.189947050488,17668736
"10","F_02_06",15,67.4094265045865,10540148
"11","F_02_08",8,43.379769806349,6868988
"12","F_02_10",12,46.066969945559,7303500
"13","F_02_12",35,139.545106520496,24010838
"14","F_02_14",23,115.552241032143,19799394
"15","F_03_02",5,20.2475451810973,3127112
"16","F_03_04",10,47.5784920575733,7884244
"17","F_03_06",24,86.7723916772317,13803348
"18","F_03_08",20,89.3800929723817,14303116
"19","F_03_10",15,70.672384219554,11721872
"20","F_03_12",27,180.204539239814,30587758
"21","F_03_14",17,80.3472046138166,12743524
"22","F_06_02",5,24.8533074800507,4036856
"23","F_06_04",20,72.7070375618366,11865958
"24","F_06_06",17,68.9599522708629,10959398
"25","F_06_08",16,98.6238844557138,16796490
"26","F_06_10",12,156.496731051284,24883066
"27","F_06_12",36,158.508489323091,26664186
"28","F_06_14",49,254.47241902205,44029732
"29","F_07_02",39,174.297486762622,30027332
"30","F_07_04",6,76.5109503567256,12824126
"31","F_07_06",27,96.4651602157755,15269042
"32","F_07_08",29,98.7049991299376,16286138
"33","F_07_10",28,138.484077858155,24344556
"34","F_07_12",34,146.85658885823,24057686
"35","F_07_14",41,238.868993462103,39841406
"36","F_08_02",24,88.437169065553,14003096
"37","F_08_04",24,77.1653864319984,12691724
"38","F_08_06",39,147.463519526686,24328726
"39","F_08_08",21,131.143361423919,22254534
"40","F_08_10",17,67.0968006562756,11245560
"41","F_08_12",30,101.286523976434,17247390
"42","F_08_14",34,140.009396673876,23244218
"43","F_09_02",26,125.313321898228,21028750
"44","F_09_04",22,95.0925497799985,15617430
"45","F_09_06",21,91.653068834365,14549374
"46","F_09_08",35,180.752678549233,30965738
"47","F_09_10",8,72.7118601934024,12002224
"48","F_09_12",27,100.434260571258,16091232
"49","F_09_14",33,153.521589976881,24356006
"50","F_10_02",11,46.4062694210356,7595152
"51","F_10_04",29,104.405349640789,17256594
"52","F_10_06",26,80.3373604792801,13026556
"53","F_10_08",32,150.022721057996,26027330
"54","F_10_10",24,106.086956521739,18188280
"55","F_10_12",26,140.162005618117,24194552
"56","F_10_14",16,85.1777910358714,13821542
"57","F_11_02",12,52.2949262932856,8719482
"58","F_11_04",11,61.0968503741268,8318868
"59","F_11_06",19,65.4413205061277,10322726
"60","F_11_08",39,157.273821065454,26615702
"61","F_11_10",9,51.3867303055162,8316308
"62","F_11_12",29,101.154100479777,17309724
"63","F_11_14",20,96.0579710144928,15907818
"64","F_12_02",5,30.8186292788426,4689906
"65","F_12_04",22,68.8150495935566,10885834
"66","F_12_06",8,39.2982573893156,5999214
"67","F_12_08",9,50.7585701145996,7866268
"68","F_12_10",24,98.8395356352698,15510212
"69","F_12_12",11,43.0372635294703,7212656
"70","F_12_14",9,40.9898078405051,6242528
"71","F_13_02",27,85.7454694608099,14575964
"72","F_13_04",25,84.0725134859671,13330994
"73","F_13_06",37,154.141546722351,24892268
"74","F_13_08",21,89.2386208268079,14826718
"75","F_13_10",32,118.717851194471,19806480
"76","F_13_12",8,124.461257364457,23021686
"77","F_13_14",18,87.0663733313446,14929286
"78","F_14_02",23,77.4266288810998,12863428
"79","F_14_04",25,76.7193675889328,12512390
"80","F_14_06",20,90.0105401844532,14823582
"81","F_14_08",25,133.775548760783,22885056
"82","F_14_10",36,167.326944589455,29193068
"83","F_14_12",19,66.4067914584732,11532174
"84","F_14_14",34,209.30924503443,35316908
"85","H_01_02",9,43.1565366544858,6609606
"86","H_01_08",9,38.2560717925771,5873850
"87","H_01_14",28,92.0403460362443,14858484
"88","H_02_02",5,41.4669749173441,6708312
"89","H_02_08",18,75.8372486141149,12510320
"90","H_02_14",28,104.191090561066,17224404
"91","H_03_02",11,65.4775896785741,10513100
"92","H_03_08",30,103.987993138937,16477466
"93","H_03_14",27,234.598056032018,39531868
"94","H_04_02",6,37.4980485743406,5765764
"95","H_04_08",29,133.106967956845,20917350
"96","H_04_14",16,103.396922465011,15810430
"97","H_05_02",5,29.6724090784796,4609348
"98","H_05_08",26,99.5562433191637,15628904
"99","H_05_14",47,417.445372511,78283486
"100","H_06_02",35,122.624729659184,20625430
"101","H_06_08",33,112.826260969001,18289230
"102","H_06_14",28,119.303726352947,19499146
"103","H_07_02",15,69.1738136077759,11509428
"104","H_07_08",38,136.527282670843,22737000
"105","H_07_14",8,74.3924478584036,12251766
"106","H_08_02",9,45.4015462251721,7616848
"107","H_08_08",22,110.943644815671,17609376
"108","H_08_14",37,215.762298953439,37871218
"109","H_09_02",36,132.864518855495,22487538
"110","H_09_08",10,47.2448106992816,7441584
"111","H_09_14",31,121.580828796579,20133918
"112","H_10_02",38,170.20292340965,29747776
"113","H_10_08",13,53.1409501081363,8628516
"114","H_10_14",29,215.872075968877,38999582
"115","H_11_02",19,71.7891217341587,11779536
"116","H_11_08",20,75.1843289333035,11591608
"117","H_11_14",42,248.810873294056,44153422
"118","H_12_02",15,56.8148258632262,9149132
"119","H_12_08",5,34.716210505382,5267392
"120","H_12_14",39,257.020931215353,44348040
"121","L_01_02",7,34.4375170905113,5710118
"122","L_01_08",20,81.1411241206155,13385266
"123","L_01_14",20,95.7885002610187,17089048
"124","L_02_02",12,51.3609267407463,8675008
"125","L_02_08",12,126.106669649738,21716144
"126","L_02_14",18,82.5373256767842,14340094
"127","L_03_02",6,31.489198796828,5339382
"128","L_03_08",19,95.6830238397096,16549600
"129","L_03_14",5,30.2958212146071,4866388
"130","L_04_02",6,33.1272031222811,5322170
"131","L_04_08",15,69.9251746339523,11092726
"132","L_04_14",20,76.5269595048102,12662908
"133","L_05_02",8,31.1065950729609,5113696
"134","L_05_08",17,211.778506972929,38641012
"135","L_05_14",19,180.298331966092,31668802
"136","L_06_02",13,59.4597906878465,8897806
"137","L_06_08",8,33.9368334700574,5365706
"138","L_06_14",6,54.3438735177866,9237886
"139","L_07_02",5,23.5563676137917,3866794
"140","L_07_08",9,39.8790116091183,6124094
"141","L_07_14",16,85.2509011360529,14727698
"142","L_08_02",6,38.1246923707957,6114768
"143","L_08_08",21,93.2249484177294,15400632
"144","L_08_14",20,95.793422328287,16672030
"145","L_09_02",5,23.9204762970144,3970678
"146","L_09_08",28,116.877395778954,20074556
"147","L_09_14",11,75.6977900415144,12464172
"148","L_10_02",5,25.1367489497104,4127990
"149","L_10_08",32,159.538096303478,27389930
"150","L_10_14",25,120.643771596192,20458120
"151","L_11_02",5,25.7799736495389,4192744
"152","L_11_08",28,121.33069828722,21115860
"153","L_11_14",8,46.8784398538295,7254898
"154","L_12_02",5,17.3599075247968,2738732
"155","L_12_08",28,126.23601063962,20741372
"156","L_12_14",36,177.995798841574,31118586
